fecha,modo,tipo,coche,tiempo
16/05/2026 10:09:47,SIN_PRIORIDAD,EMERGENCIA,coche_1,346.0
16/05/2026 10:09:47,SIN_PRIORIDAD,EMERGENCIA,coche_2,378.0
16/05/2026 10:09:47,SIN_PRIORIDAD,NORMAL,coche_5,408.0
16/05/2026 10:09:47,SIN_PRIORIDAD,EMERGENCIA,coche_3,461.0
16/05/2026 10:09:47,SIN_PRIORIDAD,NORMAL,coche_6,486.0
16/05/2026 10:09:47,SIN_PRIORIDAD,NORMAL,coche_4,501.0
16/05/2026 10:10:07,CON_PRIORIDAD,EMERGENCIA,coche_3,252.0
16/05/2026 10:10:07,CON_PRIORIDAD,EMERGENCIA,coche_2,285.0
16/05/2026 10:10:07,CON_PRIORIDAD,EMERGENCIA,coche_1,307.0
16/05/2026 10:10:07,CON_PRIORIDAD,NORMAL,coche_4,352.0
16/05/2026 10:10:07,CON_PRIORIDAD,NORMAL,coche_6,426.0
16/05/2026 10:10:07,CON_PRIORIDAD,NORMAL,coche_5,454.0
16/05/2026 10:12:43,SIN_PRIORIDAD,EMERGENCIA,coche_2,287.0
16/05/2026 10:12:43,SIN_PRIORIDAD,EMERGENCIA,coche_1,298.0
16/05/2026 10:12:43,SIN_PRIORIDAD,NORMAL,coche_5,328.0
16/05/2026 10:12:43,SIN_PRIORIDAD,EMERGENCIA,coche_3,363.0
16/05/2026 10:12:43,SIN_PRIORIDAD,NORMAL,coche_6,387.0
16/05/2026 10:12:43,SIN_PRIORIDAD,NORMAL,coche_4,429.0
16/05/2026 10:12:58,CON_PRIORIDAD,EMERGENCIA,coche_2,243.0
16/05/2026 10:12:58,CON_PRIORIDAD,NORMAL,coche_4,249.0
16/05/2026 10:12:58,CON_PRIORIDAD,EMERGENCIA,coche_1,253.0
16/05/2026 10:12:58,CON_PRIORIDAD,EMERGENCIA,coche_3,278.0
16/05/2026 10:12:58,CON_PRIORIDAD,NORMAL,coche_5,377.0
16/05/2026 10:12:58,CON_PRIORIDAD,NORMAL,coche_6,414.0
16/05/2026 10:15:34,SIN_PRIORIDAD,EMERGENCIA,coche_2,287.0
16/05/2026 10:15:34,SIN_PRIORIDAD,EMERGENCIA,coche_1,298.0
16/05/2026 10:15:34,SIN_PRIORIDAD,NORMAL,coche_5,328.0
16/05/2026 10:15:34,SIN_PRIORIDAD,EMERGENCIA,coche_3,363.0
16/05/2026 10:15:34,SIN_PRIORIDAD,NORMAL,coche_6,387.0
16/05/2026 10:15:34,SIN_PRIORIDAD,NORMAL,coche_4,429.0
16/05/2026 10:15:46,CON_PRIORIDAD,EMERGENCIA,coche_2,243.0
16/05/2026 10:15:46,CON_PRIORIDAD,NORMAL,coche_4,249.0
16/05/2026 10:15:46,CON_PRIORIDAD,EMERGENCIA,coche_1,253.0
16/05/2026 10:15:46,CON_PRIORIDAD,EMERGENCIA,coche_3,278.0
16/05/2026 10:15:46,CON_PRIORIDAD,NORMAL,coche_5,377.0
16/05/2026 10:15:46,CON_PRIORIDAD,NORMAL,coche_6,414.0
16/05/2026 10:18:24,SIN_PRIORIDAD,EMERGENCIA,coche_1,307.0
16/05/2026 10:18:24,SIN_PRIORIDAD,NORMAL,coche_4,328.0
16/05/2026 10:18:24,SIN_PRIORIDAD,EMERGENCIA,coche_3,348.0
16/05/2026 10:18:24,SIN_PRIORIDAD,EMERGENCIA,coche_2,398.0
16/05/2026 10:18:24,SIN_PRIORIDAD,NORMAL,coche_5,415.0
16/05/2026 10:18:24,SIN_PRIORIDAD,NORMAL,coche_6,494.0
16/05/2026 10:18:34,CON_PRIORIDAD,EMERGENCIA,coche_3,253.0
16/05/2026 10:18:34,CON_PRIORIDAD,EMERGENCIA,coche_2,342.0
16/05/2026 10:18:34,CON_PRIORIDAD,EMERGENCIA,coche_1,357.0
16/05/2026 10:18:34,CON_PRIORIDAD,NORMAL,coche_4,364.0
16/05/2026 10:18:34,CON_PRIORIDAD,NORMAL,coche_6,434.0
16/05/2026 10:18:34,CON_PRIORIDAD,NORMAL,coche_5,457.0
16/05/2026 10:21:27,CON_PRIORIDAD,EMERGENCIA,coche_1,271.0
16/05/2026 10:21:27,CON_PRIORIDAD,EMERGENCIA,coche_2,276.0
16/05/2026 10:21:27,CON_PRIORIDAD,EMERGENCIA,coche_3,318.0
16/05/2026 10:21:27,CON_PRIORIDAD,NORMAL,coche_5,361.0
16/05/2026 10:21:27,CON_PRIORIDAD,NORMAL,coche_4,374.0
16/05/2026 10:21:27,CON_PRIORIDAD,NORMAL,coche_6,429.0
16/05/2026 10:21:21,SIN_PRIORIDAD,EMERGENCIA,coche_1,246.0
16/05/2026 10:21:21,SIN_PRIORIDAD,EMERGENCIA,coche_2,298.0
16/05/2026 10:21:21,SIN_PRIORIDAD,NORMAL,coche_4,318.0
16/05/2026 10:21:21,SIN_PRIORIDAD,EMERGENCIA,coche_3,351.0
16/05/2026 10:21:21,SIN_PRIORIDAD,NORMAL,coche_5,413.0
16/05/2026 10:21:21,SIN_PRIORIDAD,NORMAL,coche_6,503.0
16/05/2026 10:24:17,CON_PRIORIDAD,EMERGENCIA,coche_1,271.0
16/05/2026 10:24:17,CON_PRIORIDAD,EMERGENCIA,coche_2,276.0
16/05/2026 10:24:17,CON_PRIORIDAD,EMERGENCIA,coche_3,318.0
16/05/2026 10:24:17,CON_PRIORIDAD,NORMAL,coche_5,361.0
16/05/2026 10:24:17,CON_PRIORIDAD,NORMAL,coche_4,374.0
16/05/2026 10:24:17,CON_PRIORIDAD,NORMAL,coche_6,429.0
16/05/2026 10:24:19,SIN_PRIORIDAD,EMERGENCIA,coche_1,246.0
16/05/2026 10:24:19,SIN_PRIORIDAD,EMERGENCIA,coche_2,298.0
16/05/2026 10:24:19,SIN_PRIORIDAD,NORMAL,coche_4,318.0
16/05/2026 10:24:19,SIN_PRIORIDAD,EMERGENCIA,coche_3,351.0
16/05/2026 10:24:19,SIN_PRIORIDAD,NORMAL,coche_5,413.0
16/05/2026 10:24:19,SIN_PRIORIDAD,NORMAL,coche_6,503.0
16/05/2026 10:40:50,CON_PRIORIDAD,EMERGENCIA,coche_1,233.0
16/05/2026 10:40:50,CON_PRIORIDAD,EMERGENCIA,coche_2,255.0
16/05/2026 10:40:50,CON_PRIORIDAD,EMERGENCIA,coche_3,305.0
16/05/2026 10:40:50,CON_PRIORIDAD,NORMAL,coche_5,369.0
16/05/2026 10:40:50,CON_PRIORIDAD,NORMAL,coche_4,377.0
16/05/2026 10:40:50,CON_PRIORIDAD,NORMAL,coche_6,443.0
